{"initial_reset_timestamp": 1579209543.1031506, "timestamps": [1579209544.7725701], "episode_lengths": [50], "episode_rewards": [-50.0], "episode_types": ["t"]}